gen,best_penalty,avg_penalty
0,1368,1503.4117647058824
1,1368,1433.3725490196077
2,1368,1387.8235294117646
3,1368,1373.0294117647059
4,1368,1368.5882352941176
5,1368,1368.0
6,1368,1368.0
7,1368,1368.0
8,1368,1368.0
9,1368,1368.0
10,1368,1368.0
11,1368,1368.0
12,1368,1368.0
13,1368,1368.0
14,1368,1368.0
15,1368,1368.0
16,1368,1368.0
17,1368,1368.0
18,1368,1368.0
19,1368,1368.0
